[
    
        {
            "title": "Editing Videos for WEB3 Clients",
            "videoUrl": "https://www.youtube.com/embed/n0NnZcOx4mw",
            "description": "EDITED ON AFTER EFFECTS & PREMIERE PRO"
        },
        {
            "title": "Documentary (Law Crime Video)",
            "videoUrl": "https://www.youtube.com/embed/0_Xh09Z-IAI",
            "description": "A Documentary edit I made for a Famous Minecraft YouTuber."
        },
        {
            "title": "Trial Edit for DuperTrooper (Documentary)",
            "videoUrl": "https://www.youtube.com/embed/MxIpeeEkM7k",
            "description": "EDITED ON AFTER EFFECTS & PREMIERE PRO."
        },
        {
            "title": "Reaction Video (Meme Style)",
            "videoUrl": "https://www.youtube.com/embed/n0NnZcOx4mw",
            "description": "EDITED ON AFTER EFFECTS & PREMIERE PRO."
        },
        {
            "title": "Montage Edits",
            "videoUrl": "https://www.youtube.com/embed/bf9uaCUIJNw",
            "description": "[Valorant Edit 🎃🔥] #vltcontest"
        },
        {
            "title": "Montage Edits",
            "videoUrl": "https://www.youtube.com/embed/50nuYpv1bW8",
            "description": "Valorant 3D Edit | BYRD |4K"
        },
        {
            "title": "GameFunny-Highlights",
            "videoUrl": "https://www.youtube.com/embed/2_uCim9QKO0",
            "description": "Made an edit for KinRyan (1M subs)"
        },
        {
            "title": "GameFunny-Highlights",
            "videoUrl": "https://www.youtube.com/embed/ArQfPrJMNF4",
            "description": "Outlast funny moments edited on Premiere Pro"
        },
        {
            "title": "Valorant Funny highlight",
            "videoUrl": "https://www.youtube.com/embed/gqGSdFMdjbw",
            "description": "A Valorant highlight I made for my friend"
        },
       
        {
            "title": "Finance-Tutorials",
            "videoUrl": "https://www.youtube.com/embed/XoIs7ladOQ8",
            "description": "Youtube Finance Short"
        },
        {
            "title": "Finance-Tutorials",
            "videoUrl": "https://www.youtube.com/embed/55sGty6qCgw",
            "description": "Simple Retention Trial for Ruri"
        },
        {
            "title": "Finance-Tutorials",
            "videoUrl": "https://www.youtube.com/embed/Buz4g2Y7-A8",
            "description": "Edit for KinRyan (1M+ Subs) Edited on Premiere Pro And After Effects"
        }
        
]
